﻿{"cameraMode":{"drawMode":0,"name":"Shaded","section":"Shading Mode"},"sceneLighting":true,"audioPlay":false,"sceneViewState":{"showFog":true,"showMaterialUpdate":true,"showSkybox":false,"showFlares":false,"showImageEffects":true,"showParticleSystems":true},"in2DMode":false,"pivot":{"x":7.538032531738281,"y":-33.17344665527344,"z":-25.953289031982423},"rotation":{"x":-0.008159583434462548,"y":-0.523874044418335,"z":0.0050442093051970009,"w":-0.8517819046974182},"size":47.399330139160159,"orthographic":false}